{"cluster_centers_skin": [[93.76640948588991, 3.1962967754830642, 5.920533458518943], [58.85232899887187, 12.897268732963205, 16.178034519228433], [73.45025702303506, 10.766638215372144, 17.189914130865095], [81.85921213479116, 7.840718293097531, 14.165071269869587], [87.86570220785401, 5.692250561999938, 9.568318560151036]], "cluster_centers_upper": [[47.64825768374105, 1.738432158042916, -6.4748406237079745], [96.49123622136237, 0.1710458494234881, -0.5691447368238303], [82.70399309148469, 5.677216235166076, 28.131385048456636], [47.25296913042192, 69.83826275765709, 13.713124372065892], [61.41316965396132, 0.9417426063848704, -2.211442434605998], [55.72952530681205, 25.92931375847665, 5.638012312596604], [36.26400950013447, 0.6238387661067168, -0.34581128535220973], [65.42066244075131, -7.331237714603544, -20.23095708706991], [86.39757987391249, -7.335833455205275, 80.21814928275678], [81.89813824883367, 1.5618363951445957, -1.5529109795682887]], "cluster_centers_lower": [[92.47084503163522, -0.0370937842854735, 0.02228348179011952], [41.5594133593391, 1.1777517804642343, -4.406485902021109], [60.762526700701194, 43.2177900883537, 12.109599500477568], [83.7960711540028, 2.9304572404892006, 6.7995012808381246], [52.736844695012664, 1.696597946941451, -11.656968832929808], [55.34803233059728, 1.9944418080183566, 0.2038115557941873], [31.829450854288105, 0.06325357454443825, 0.13621714280231867], [43.48749922478369, 21.90961798314424, 6.357009039303607], [74.94962870978932, 7.302248439862401, 31.52240076635231], [74.71153963563529, -2.131805159316676, -9.653439236694918]]}