{
    "cluster_centers_skin": [
        [62.9304612379218, 12.134131205147376, 16.504283795030567],
        [89.48966249973026, 4.748984419665234, 10.078178366427384],
        [93.77462382723108, 2.666753365622854, 6.3355703327559105],
        [76.55947764405957, 9.434701227469098, 16.138367218634077],
        [84.46884087258948, 6.714835916372621, 13.241629158197568]
    ],
    "cluster_centers_lower": [
        [96.99775784464605, -0.048032641565281864, -0.23423563861802776],
        [44.18357147645759, 1.858112648591351, -1.302173108762597],
        [56.925316577060784, -1.7108386702654337, -18.99598765700908],
        [60.08392507143426, 5.43683177429902, 12.882946783789134],
        [89.56064960406857, -1.137400391635321, -2.9440815408907643],
        [53.729939800203745, 1.8950819667217425, -2.269704237188542],
        [43.478000551791624, 24.70077549731247, 6.225095599165385],
        [36.390642192745766, 0.07430128856091056, 4.100803072952331],
        [25.131360948619175, 0.5512956865376413, 2.709842132548729],
        [71.8100851788217, 1.042985005211641, -0.8656946977922961],
        [45.203632147266305, 0.696087297732938, -13.772501175699553],
        [60.41294455854165, 39.324460769145404, 11.701652465408056],
        [35.435211131574604, 0.32308793873923203, -6.836489074764757],
        [81.64787685836238, 2.332381488341787, 42.18155558734207],
        [70.04765030378854, -29.21236477971786, -18.98598982011634],
        [88.96803664176501, 1.659531585656735, 5.87564494255084],
        [82.45497255649704, -2.278625538175436, -7.667740018042725],
        [76.11589686811138, 9.69238693476932, 12.27174536153064],
        [42.87420659964776, 63.387831062421554, 16.17366125814651],
        [70.68024637498684, -3.1043776778171805, -14.643188845316152]
    ],
    "cluster_centers_upper": [
        [88.41367249777522, 0.37411121873767783, -1.2578306697755823],
        [39.336895491450974, 1.4800850624739101, -0.4552549309058986],
        [51.06011261512933, 25.62740067057659, 4.520554386224623],
        [96.88928771188866, 0.231864497505621, 0.2743837984848942],
        [56.37123102305807, 3.422514329243715, -38.139723085366946],
        [87.15567300155901, -0.2055106469505814, 33.04309163492213],
        [74.98813937894798, 1.4506115280605563, -0.27075909088459166],
        [28.308482254453267, 0.9402249544459775, 3.7304998648520113],
        [58.467017876570445, 2.0891933244663927, -2.621058057421939],
        [71.13157055241902, -30.927365314746844, -17.72079400730729],
        [74.91898479198427, 27.803994964180077, 15.902037895724032],
        [52.78491755019654, 71.62919974948693, 4.1865140783913235],
        [87.6541836455914, 6.931158415966067, 7.868304909406973],
        [48.43958998482742, 4.096751068165412, -15.726559195384642],
        [88.74544431763599, -8.504032319592005, 72.6042296500344],
        [69.9060359692763, 44.97688298652165, -11.36650992476363],
        [64.61502771627366, 1.1399312837997801, 15.270094002208518],
        [47.094944847005166, 1.9033465227355166, -1.368865636309447],
        [71.72584374785333, -2.484118745711113, -16.30836805612489],
        [55.66214383730549, 44.43547703092945, 12.973378809803341]
    ]
}
