{"cluster_centers_skin": [[89.74207867950504, 4.68529712063588, 13.098637000777938], [82.4634010615581, 7.395082534780343, 14.17924926958762], [93.39939591457173, 2.7727659475726467, 6.83924754746629], [87.77918244357758, 5.373936852189962, 8.999520608606735], [71.68231377667881, 10.276509409877068, 16.37697518933536]], "cluster_centers_upper": [[85.71628165118786, -0.7895054276046256, 37.107317192268695], [36.86736704026083, 1.6734388928160429, 1.22093450009407], [95.67962586390908, 0.4476957821558414, 0.6095792746633459], [56.92330778880032, 62.78303993199682, 3.6543472954769505], [76.17207716574538, 0.8375264765304427, 0.20861953120728555], [55.832842334856366, 4.161756816009525, -24.24000207879258], [53.155592092149575, 33.46408907816018, 8.126522910790124], [48.68875264879807, 2.3275345553767894, -2.2223928401152846], [71.19610867813033, -28.20502172534257, -18.652513309191498], [77.71202508731422, 22.824283189415908, 11.937000544905874]], "cluster_centers_lower": [[96.20280810992486, -0.044411243472992856, -0.144418217393131], [42.05521228340457, 1.5352016491813942, 0.13101625346749746], [71.74040804555032, -3.645987642676819, -13.281910503867877], [51.05031955013253, 39.20228593252791, 11.226969430519343], [40.98582472361031, 0.1126274606366453, -11.502372106324167], [74.47325785548604, 6.320564742066865, 16.317954066355277], [55.40909760870351, -1.4599532870853213, -18.9433894613126], [29.11635941466359, 0.35397735270316816, 2.6700524718073932], [53.28345732121913, 2.44396694661757, -1.5988223882784918], [86.1343413169352, -1.4245906204076375, -4.393017737251429]]}