{"cluster_centers_skin": [[89.54786148693937, 4.766712500861341, 13.203937704109126], [93.54338685722396, 2.702454122201379, 6.823334850789902], [71.9977328763623, 10.2296278831963, 16.445392195593005], [82.60790110886317, 7.322366364548417, 13.916309815750383], [88.19657778564958, 5.213886419153058, 8.801470209878302]], "cluster_centers_upper": [[50.70871342032051, 29.66842477142327, 5.460394236766918], [96.85954963068946, 0.20773353856158572, 0.2273499271242133], [56.99801922917979, 2.289912502178467, -1.9966439140154177], [74.00741859354497, 1.2214075737883754, -0.49464704210358096], [71.63165531002639, -31.179593580423052, -17.84486075311388], [38.68151154882162, 1.4718090013456608, 0.7709868235019188], [79.95255733317262, 20.134992515531962, 8.771013333225893], [67.23757739893007, 37.128777695517584, 16.33073480718561], [87.77758745227061, -6.376943701886509, 64.35601937652169], [56.41480507709738, 4.153091247952292, -37.97856854681761], [69.92380038126082, -2.2238204108177753, -17.30127066927457], [48.84767046466993, 5.130716218600245, -16.74697943067244], [64.83130350617807, 1.1641052788523023, 14.904589538397076], [87.28995110376037, 0.07839229888259913, 31.517877178310528], [87.8858117781777, 0.5115450035946352, -1.56901722392649], [90.39028401358696, 2.8583052718457873, 7.2035933475363185], [60.73494634545882, 60.89561341386162, -18.970377401796984], [46.05099196722245, 1.9831816217564684, -1.6703475109913077], [53.684263471336436, 61.80239134621617, 13.76036180738306], [26.422711487304525, 1.5088693743187116, 4.366937082632366]], "cluster_centers_lower": [[89.71208689971162, -1.14451639629598, -2.8176096452260215], [48.89289607111081, 1.840425986894381, -4.173786517722222], [62.86293400348015, -3.0609110660887855, -17.555877498398953], [73.27344322763449, 7.050993213181059, 11.206201531695278], [81.97727690460789, -1.8485570416296135, -6.424729501570387], [40.79192518694171, 1.3865782441586632, -2.7455489459070903], [60.78135380794384, 39.22135789898942, 12.424148614341124], [23.667124996518545, 1.0031564154826165, 2.737667481698086], [96.99664228759566, 0.08416194051147996, 0.12938442544422024], [52.16930817606214, -0.26610583937541576, -19.666168484328416], [44.43742260907668, 25.56683316124906, 6.106110470080979], [58.049937145683415, 2.031603879392951, -0.7130226877927286], [32.180985554633025, 0.3215083282667783, -7.620498978859616], [42.4626668307109, -0.48528129409427423, -13.54963191443543], [84.84893315362035, -0.6908704983404667, 43.412742024609955], [42.45627975478121, 62.86990287626049, 16.89192442133836], [34.96818305178231, -0.22586201840534137, 4.94485802968365], [70.04765030378854, -29.212364779717863, -18.98598982011634], [45.27383566197012, 2.2817175192349843, 2.7701888114875803], [72.75435664131791, -2.871038166494261, -13.489983906307753]]}