{"cluster_centers_skin": [[89.8077609763463, 4.658241934760441, 13.061264874838393], [71.68231377667881, 10.276509409877068, 16.37697518933536], [93.39631409976663, 2.7728050822402555, 6.823355336434004], [82.47864533036804, 7.384778506416469, 14.19883888969602], [87.74699911334427, 5.391226177711066, 9.016834080619253]], "cluster_centers_upper": [[76.4793124749774, 0.7295652861718636, -0.31736199860977354], [49.45332916744951, 2.27540409873507, -1.920999070723703], [56.92330778880032, 62.78303993199682, 3.6543472954769505], [85.71628165118786, -0.7895054276046256, 37.107317192268695], [95.69057207063248, 0.44825559818572414, 0.6257587869839549], [77.60234567221141, 22.747189628513013, 11.886510557649693], [71.29745283884503, -28.902381626961613, -18.87325360942798], [54.66864323557083, 4.3924782999364265, -23.713594284966398], [37.65157280534663, 1.6825211608784725, 0.8689418488104508], [53.155592092149575, 33.46408907816018, 8.126522910790124]], "cluster_centers_lower": [[41.862604625687354, 1.5125221766717973, 0.11774671040479046], [86.0582132131822, -1.4972800508653243, -4.453510390362895], [96.1506535775978, -0.05360220946637817, -0.16219264209067363], [55.3443088278938, -1.4568360956570063, -18.970617549244775], [51.05031955013253, 39.20228593252791, 11.226969430519343], [74.38425475786309, 6.3552337393627605, 16.099216886939395], [40.96681163176045, 0.11056636203910575, -11.51267206478521], [52.96524103417124, 2.4122106938311045, -1.5396571223995716], [29.018787059421157, 0.36253485759286713, 2.7183273710637765], [71.60155682721535, -3.5289622427228613, -13.249187162063606]]}