{"cluster_centers_skin": [[82.5733200502938, 7.337987875386251, 13.968582991627507], [93.53281055784386, 2.7079741612397177, 6.819483865483132], [88.15763163684636, 5.232006790545798, 8.839723931029475], [89.59287111077352, 4.746076871256067, 13.205384573931365], [71.8501981867594, 10.248280298900212, 16.40721141944559]], "cluster_centers_upper": [[94.99777052326087, 0.00010773975435673933, 0.0022678316145029465], [40.0070054562246, 0.000248805173093114, 0.006192687355843052], [57.16943591401722, 44.229771816203396, 12.010495230380538], [63.96623642782109, -21.031273574768033, -24.55092455099022], [59.240790591352116, 2.1296650847385257, -2.1046645690498424], [83.46806638765851, 1.9669105801140856, 43.32968010948922], [48.35603061419316, 1.9838732320645516, -1.225520603917676], [51.88468795592834, 4.806282482868984, -16.637131683834003], [53.16012225844371, 26.338693564048533, 4.662211352699182], [84.4723438969248, 7.591240383342072, 10.115618769481246], [54.744324633740106, 68.7581434527902, 13.895070842371485], [74.60673388340629, 26.769040611180515, 18.01995692462191], [71.92073245850146, -1.536890478880145, -16.865972039114485], [86.06015683137369, 0.665498714093721, -1.3683122334440627], [55.73643532901294, 5.961453804882593, -37.925018702943824], [65.30410259852653, 0.5461318968042652, 14.420292099432883], [58.336759894965475, 65.62681201843779, -20.68882034212499], [74.16801314496063, 1.3332568804591647, -0.69914943399867], [77.0070879284852, -37.29276980504869, -14.293315610522425], [77.02892788311793, 33.01065409026996, -5.300932962424845]], "cluster_centers_lower": [[40.003583296771936, -0.001320446845395895, 0.0025612780518495804], [87.61190973981121, -1.8120866728316338, -4.427486869177985], [63.101118074190694, -3.050644501919311, -17.32892638648778], [55.791417500173395, 1.7184100168553216, -2.1151148837493774], [50.74948648381974, 23.843029931450065, 5.006944398621135], [48.397594411051806, 1.5812506777906692, -10.617916386402921], [95.00000000000024, 6.5503158452884236e-15, 2.708944180085382e-14], [77.6150406595451, 8.835900414985371, 11.75082553767304], [48.03454184751838, 2.1737539486144764, -0.9199497001918451], [52.66972789996644, -2.0777013844484262, -18.508083418317717], [81.65054118429653, -2.623172910284243, -8.79359005117338], [60.40810614759923, 39.81958741267046, 12.56439876073106], [80.04305235181188, 2.35369090856193, 49.92910372213412], [71.45853375918797, 0.8241803996379531, -0.7442095488361344], [54.997482695250305, 7.2499597736253865, -31.950075701929322], [72.5017402873909, -2.884328701298454, -13.722540158408979], [62.501784727466315, 5.424578163169011, 11.53161005839598], [84.31660775503755, 0.8257291582384858, 0.19074499255743893], [50.61257042854126, 69.6505356525722, 10.626355631729599], [70.04765030378854, -29.21236477971786, -18.985989820116345]]}