{"cluster_centers_skin": [[93.55343882671409, 3.2995536676316624, 6.079243808822678], [81.26809360314004, 8.100925070735814, 14.772431046603], [58.38954038576023, 12.880056444507668, 16.117451222078977], [87.29314943092776, 5.87122828174628, 9.808203601807437], [72.65736158490476, 11.01018992082047, 17.2294561797924]], "cluster_centers_upper": [[77.80897400424895, 2.2801494372660454, 0.09703339804107847], [37.048527676241726, 0.7312485462454328, -0.8880413907387168], [96.06723751383338, 0.23593562515895505, -0.521921834023988], [86.58106109763855, -8.00934060381698, 84.09919263646819], [69.18476631207406, -8.34105565083595, -15.815961507202099], [52.777510046281634, 1.740581474047672, -2.4047863930216855], [47.25296913042192, 69.83826275765709, 13.713124372065892], [48.560524663746676, 2.0222947184435154, -15.539741932145724], [79.78672884631453, 4.583607487343622, 35.076629138321024], [55.99546367568758, 27.07833427352125, 5.036036622829325]], "cluster_centers_lower": [[92.31321949028185, 0.024103614147940045, 0.18443846958360077], [54.92111577256591, 1.6157728470939436, -0.2967076154304791], [60.265709426444204, 45.73462030610562, 12.848770888812139], [31.73987049063416, -0.02614953207319104, 0.5283221129492366], [74.64017505916303, -2.068055734568247, -9.555284169298533], [41.10549234132624, 1.1775622759420972, -4.512225656021344], [52.4894802643512, 1.7875097408458456, -11.7058946043853], [83.0955126920906, 3.234462283362081, 7.159403259371483], [75.04667931061496, 7.292810470833423, 32.23903370706949], [46.11015517389478, 21.13307169804077, 6.432768058550888]]}