{"cluster_centers_skin": [[87.12139093302858, 5.956147190753947, 9.912323784200494], [93.4125199884013, 3.337652494270278, 6.14972239577249], [72.61094522626232, 11.029956946258489, 17.225799753630078], [81.18851747343963, 8.128504085591242, 14.86824260218712], [58.38954038576023, 12.880056444507668, 16.117451222078977]], "cluster_centers_upper": [[60.84014061597446, 2.4316706242767787, -15.33270751080633], [95.00000000000014, 4.218847493575595e-15, 4.773959005888173e-15], [48.03243573220781, 1.7336010610817083, -2.113090201962845], [85.82792650040864, -7.341074995891706, 83.44276727629313], [51.82856703931607, 20.87624636726787, 1.2775965218823326], [49.261246685014385, 2.552862686410754, -12.561848623410325], [40.062288989140214, -0.0393568285727528, 0.13604152799757108], [84.41776600768506, 15.688404323880183, 9.926186248886937], [78.95603438061698, -2.9318703612057586, -14.15914873666759], [72.4047053178167, -33.31139772161874, -14.613088407340937], [47.57490891627627, 65.62425354268406, 11.341410962543675], [68.87876789061434, 0.31423636606744476, 10.97620580180254], [81.18845575631768, 3.5743515653271736, 38.705427283670325], [87.25830994451626, 0.383449170407435, -1.1054833850294907], [66.64574202819813, 34.14298620520324, 10.675580232689352], [54.951582982624274, 2.1779170223737134, -2.5387184829803173], [77.64910090277067, 1.6251622163073132, -1.76127360099684], [61.87171667457438, -12.445286927322552, -12.219354081431465], [58.03433194544641, -4.400200151569459, -39.629855585992324], [64.0330096103875, 0.9866525252349688, -3.585842870904613]], "cluster_centers_lower": [[48.76876431748675, 2.2136236904262345, -1.0293470101650264], [95.00000000000006, 4.218847493575595e-15, -8.881784197001252e-16], [40.0000000000001, -2.220446049250313e-15, -1.27675647831893e-15], [63.186751044642406, 40.28016424055626, 12.183629006664018], [78.70581054384722, 0.7569112367570047, -0.9954717728487814], [73.72152717954853, 2.2266133257023397, 12.326105117845506], [86.73497381218792, 1.2531193808841128, 7.459398307256653], [65.7949702176773, 1.4532863921831716, -3.2055256548146], [70.42768897827683, -3.146457064282095, -16.52693944787116], [48.655329746023156, 2.440323218326914, -8.04908543648504], [47.68755066735108, 71.11976795698536, 16.210928945606838], [54.788610334505606, 21.008714819998136, 3.410353793895981], [87.05945901529752, -0.1395176712620252, -2.362984788974945], [53.68324084818013, 2.6666493146852863, -16.87377283285938], [78.57192437763143, 18.65132224273316, 9.180807583455818], [75.32834016227932, 7.963684052041107, 34.07353955639146], [80.47301808245825, -3.7533366516382802, -10.856185238506633], [56.07315742345101, 1.7086669504956487, -3.3061534401687007], [54.31057858784689, -0.0543995718139596, 13.045514932822497], [59.17596188821892, -13.524525909430103, -11.868238573574336]]}