{
    "cluster_centers_skin": [
        [73.31856117267596, 10.782915960313977, 17.14396330200349],
        [87.55366571433036, 5.791744041481216, 9.674413911704537],
        [58.85232899887187, 12.897268732963205, 16.178034519228433],
        [93.60179455870929, 3.2729705213799924, 6.044865896360233],
        [81.73650657786408, 7.924483073047332, 14.416257326832987]
    ],
    "cluster_centers_upper": [
        [49.739605154297955, 21.31699198802054, 1.731775691113561],
        [79.57638881383257, 1.3989426870125277, -1.5294531432151934],
        [41.807160841925246, 1.0033194815651063, -1.2491289114493334],
        [97.89060801810992, 0.17566422786494873, -0.5146729883526515],
        [68.49583432346054, 0.3248999760645255, 10.781021482480783],
        [51.23221261202948, 1.828612912394366, -2.5896898468922984],
        [86.58106109763855, -8.00934060381698, 84.09919263646819],
        [52.62722620991017, 1.1019419259255672, -40.46375241287666],
        [46.90169304212251, 66.10880563147828, 12.22947149414183],
        [83.67129525104083, 1.824676515902781, 37.09375765047593],
        [63.238325919311904, 0.6499164139728868, -4.08325051030849],
        [65.2781264152532, -18.669114474692897, -15.110221245546029],
        [31.81617013611939, 0.4529259319293608, 1.2776359433632434],
        [66.17073560030929, 33.3103991913438, 10.139731411707867],
        [39.59050801982326, 14.420453672047111, 48.25452173494739],
        [91.53333564162146, 0.08923484930298575, -0.9228920180498553],
        [85.08286018945901, 14.745329801630618, 10.16373384094376],
        [78.62482502269665, -2.773992139494481, -14.131613835615367],
        [43.84654805757279, 1.5166503597189065, -12.724970379483443],
        [58.74130530548457, 2.760425385455166, -15.164907725046142]
    ],
    "cluster_centers_lower": [
        [38.98632381786322, 1.0125741278546734, -10.999697832684092],
        [89.41169903514125, 0.8132912116997288, 5.6653912908398265],
        [63.304702214781486, 1.3226325599566517, -2.98552047675624],
        [62.175879203268906, 39.326011377868646, 11.231299440941633],
        [28.084600232070272, -0.04117354354840197, 2.440143975666313],
        [46.39883092067029, 2.148846707758557, -6.7958449482809185],
        [34.452589040246636, 0.27551168902229994, -2.525140110507467],
        [43.4949935422884, 22.605992737586952, 5.5528041968302375],
        [78.20967956894762, 0.8530551398145416, -1.1635684612065804],
        [87.47436730661573, -0.45148199803662203, -3.342144931423653],
        [95.30327709383913, 0.02944254770315502, -0.4610326259245299],
        [76.189101681848, 7.380161462035302, 34.09224159690389],
        [51.89707656578202, 2.321265214974736, -1.598620946243455],
        [54.311390631344565, 2.331200472602424, -14.80938571247277],
        [72.02357803089444, -4.9313729328544955, -14.91677344295724],
        [80.44328352901736, 2.4576637704933333, 11.216422112361297],
        [76.04060743719947, 21.132340665241223, 11.16634362492106],
        [40.68535755885681, 0.7402544649993157, -0.9662745733747345],
        [47.00966101182411, 71.03440053077557, 14.420514836339734],
        [55.76032962418257, 0.48666958227014256, 13.62836624892184]
    ]
}
