{"cluster_centers_skin": [[71.09013592880882, 8.202844329544877, 12.868993464257173], [64.59091246242107, 12.311112128015964, 26.365210438550676], [81.4485212637676, 8.034517114716078, 20.081041539625232], [87.72573936103441, 5.52323487174746, 8.604759732997849], [50.680903470003415, 8.983896021515184, 13.935660362181736]], "cluster_centers_upper": [[92.38216303065836, 0.6759473080881224, -0.6941099684951749], [18.26166561800084, 0.6704723373983036, -12.079815033011451], [80.10857241507989, 4.087372934772679, 40.27220488851699], [45.92837802579061, 65.86441115625935, 11.527508178726377], [82.6232931029854, 2.0357244316258267, 11.83027732217219], [51.40563770100246, -1.090873789554114, -2.988878690546295], [29.942197008736162, -10.888148768680846, -14.194910529295752], [64.41916587180262, -39.9757249668055, 4.2789576579639075], [76.98413303294689, -2.0435986449628123, -6.74233850978839], [17.123590194504622, -10.947708937322563, -2.521170627285588], [63.39127220248197, 4.564535862520275, 14.096663879512763], [34.38645905141834, 0.3073594799358298, -6.538598651687555], [42.80004069874843, 1.9544590842635488, -37.65632078319509], [53.44272963722316, 82.05599730629916, -28.43797659887341], [35.28582716256038, 14.012200418052444, 13.502690897538498], [45.633700549141246, 64.34040000769477, 53.67083604106562], [78.76790054901896, -1.0186526047827205, 75.86876265781824], [74.49570162439107, 22.72743906597068, -2.049034152546834], [64.09403832847322, -21.22257019347307, -25.408326232652982], [61.39249969175664, 26.55544481113389, 32.36942817623926]], "cluster_centers_lower": [[18.121947636492045, -10.841857937197263, -2.5235801954150134], [82.27255828375655, 1.0864112510943884, 32.265709771576994], [79.8841251378736, -3.7071749949778217, -9.367340949272275], [69.23534739965699, 24.693120333695937, 0.17089088693914745], [18.71683798166096, 1.5093741831144385, -11.756449725727872], [57.349653109404805, -35.383929136741266, -1.504400315434117], [44.307249887913564, 63.62653572801062, 25.039501335481823], [35.64420814877761, -0.08273395460125155, -4.58084289916442], [91.75648676281392, 0.5539340914300009, -0.4723706303224069], [77.66602897776161, -4.202374885111035, 74.18442341201951], [61.99509519825365, -18.950746172599, -26.904630876828218], [29.404380170966192, 19.42112765234541, 20.50281881162877], [55.05022044846916, 4.799532104136856, 13.557423695585522], [35.38847480828862, 22.405415096556883, -42.08681631753386], [41.30620680329913, -9.905038561294312, -24.17576361408323], [57.98834899704203, -1.519081210834853, -4.907308684986003], [28.314447928793435, -10.089641488051003, -13.6624419349109], [62.75295888375285, 18.10550056227854, 38.694054383707744], [78.99422737426289, 2.200916730830169, 8.96252711268907], [48.39780068212359, 71.44372599032832, -12.116586228708348]]}